latitude,longitude,wind_speed
49.0,-68.0,17.575551986694336
49.0,-67.75,17.06681251525879
49.0,-67.5,19.057510375976562
49.0,-67.25,17.418100357055664
48.75,-113.25,15.497613906860352
48.75,-87.75,15.363790512084961
48.75,-87.5,15.710912704467773
48.75,-68.5,15.28819751739502
48.75,-68.25,17.347515106201172
48.75,-68.0,15.36665153503418
48.5,-88.0,15.92750358581543
48.5,-87.75,15.024731636047363
48.5,-87.5,15.846694946289062
48.5,-87.25,15.640081405639648
48.5,-87.0,15.031363487243652
48.5,-86.75,16.03822898864746
48.5,-86.5,17.46371078491211
48.25,-88.0,15.185922622680664
48.25,-87.75,16.321109771728516
48.25,-87.5,16.433650970458984
48.25,-87.25,16.607807159423828
48.25,-87.0,16.32301139831543
48.25,-86.75,17.060274124145508
48.25,-86.5,16.697786331176758
48.25,-86.25,16.817434310913086
48.25,-69.25,15.793545722961426
48.0,-88.0,16.00415802001953
48.0,-87.75,15.617676734924316
48.0,-87.5,16.33222770690918
48.0,-87.25,15.83006763458252
48.0,-87.0,15.896925926208496
48.0,-86.75,15.8202486038208
48.0,-86.5,15.681380271911621
48.0,-86.25,15.590646743774414
47.75,-88.25,16.32709312438965
47.75,-88.0,16.783552169799805
47.75,-87.75,16.45351219177246
47.75,-87.5,15.530118942260742
47.75,-86.5,15.194275856018066
47.75,-86.25,15.489368438720703
47.75,-85.5,15.440157890319824
47.75,-85.25,15.748702049255371
47.5,-88.5,17.3994197845459
47.5,-88.25,15.703630447387695
47.5,-87.5,16.431278228759766
47.5,-87.25,15.250182151794434
47.5,-87.0,15.11426067352295
47.5,-86.75,15.094324111938477
47.5,-86.5,15.426806449890137
47.5,-86.25,15.027832984924316
47.5,-86.0,15.228357315063477
47.5,-85.75,15.378499984741211
47.5,-85.5,15.277050018310547
47.25,-87.75,16.96723747253418
47.25,-87.5,16.136817932128906
47.25,-87.25,15.22598648071289
47.25,-86.0,15.030169486999512
47.25,-85.75,15.924126625061035
47.25,-85.5,15.742595672607422
47.25,-85.25,15.494709014892578
47.0,-88.0,15.629205703735352
47.0,-87.75,15.974295616149902
47.0,-87.5,15.939469337463379
46.75,-84.75,16.515079498291016
46.5,-124.75,15.322286605834961
46.5,-124.25,15.382622718811035
46.25,-125.0,16.227441787719727
46.25,-124.75,16.308765411376953
46.25,-124.5,15.049467086791992
46.25,-124.25,15.035444259643555
46.0,-125.0,15.706083297729492
46.0,-124.75,15.130867004394531
46.0,-124.5,15.50500774383545
46.0,-124.25,15.381988525390625
45.75,-125.0,15.324087142944336
45.75,-124.75,15.153950691223145
45.75,-124.5,15.179154396057129
45.75,-124.25,15.037256240844727
45.75,-84.25,15.419227600097656
45.75,-83.5,15.943947792053223
45.75,-83.25,15.438360214233398
45.5,-125.0,15.572162628173828
45.5,-124.75,15.624297142028809
45.5,-124.5,15.87723159790039
45.5,-124.25,15.071099281311035
45.5,-124.0,18.37994956970215
45.5,-83.75,15.698092460632324
45.5,-83.5,16.806901931762695
45.5,-83.25,16.136728286743164
45.5,-83.0,15.484118461608887
45.5,-82.75,15.348319053649902
45.5,-82.5,15.923615455627441
45.5,-82.25,16.776771545410156
45.5,-80.75,15.027464866638184
45.5,-80.5,15.359277725219727
45.25,-125.0,15.801243782043457
45.25,-124.75,15.562454223632812
45.25,-124.5,15.868549346923828
45.25,-124.25,19.24077606201172
45.25,-124.0,15.786018371582031
45.25,-86.75,15.012601852416992
45.25,-83.0,16.243913650512695
45.25,-82.75,16.78592872619629
45.25,-82.5,16.553918838500977
45.25,-82.25,16.007726669311523
45.25,-82.0,17.123273849487305
45.25,-81.75,16.920759201049805
45.25,-80.75,15.283390045166016
45.25,-80.5,15.801600456237793
45.25,-80.25,15.528898239135742
45.0,-125.0,15.355384826660156
45.0,-124.75,15.022685050964355
45.0,-124.5,16.91542625427246
45.0,-124.25,18.939388275146484
45.0,-82.75,15.417950630187988
45.0,-82.5,15.994291305541992
45.0,-82.25,17.050718307495117
45.0,-82.0,16.75939178466797
45.0,-81.75,18.418792724609375
45.0,-81.5,16.155073165893555
45.0,-80.5,15.767460823059082
45.0,-80.25,16.943359375
45.0,-80.0,15.807097434997559
45.0,-67.0,15.622651100158691
44.75,-125.0,15.303696632385254
44.75,-124.75,15.792737007141113
44.75,-124.5,18.36020851135254
44.75,-124.25,17.95424461364746
44.75,-86.75,15.023313522338867
44.75,-82.25,15.708914756774902
44.75,-82.0,17.00075912475586
44.75,-81.75,17.25112533569336
44.75,-81.5,18.34340476989746
44.75,-80.5,15.34114933013916
44.75,-80.25,16.639986038208008
44.5,-125.0,15.358020782470703
44.5,-124.75,17.98046875
44.5,-124.5,17.057207107543945
44.5,-124.25,18.864389419555664
44.5,-82.25,15.506220817565918
44.5,-82.0,15.791682243347168
44.5,-81.75,16.08650016784668
44.5,-81.5,16.227596282958984
44.5,-67.5,17.6640567779541
44.5,-67.25,17.828567504882812
44.5,-67.0,17.96921157836914
44.25,-125.0,15.838668823242188
44.25,-124.75,17.271656036376953
44.25,-124.5,17.452177047729492
44.25,-124.25,18.803340911865234
44.25,-82.25,15.28847599029541
44.25,-81.75,16.029586791992188
44.25,-68.0,18.08714485168457
44.25,-67.75,17.811267852783203
44.25,-67.5,17.90436553955078
44.25,-67.25,18.65186882019043
44.25,-67.0,18.149843215942383
44.0,-125.0,19.39177703857422
44.0,-124.75,19.51346206665039
44.0,-124.5,18.328386306762695
44.0,-124.25,18.851438522338867
44.0,-82.5,15.490161895751953
44.0,-82.0,15.319178581237793
44.0,-76.5,15.714591026306152
44.0,-68.75,16.27147674560547
44.0,-68.5,17.55924415588379
44.0,-68.25,17.53028678894043
44.0,-68.0,17.24083137512207
44.0,-67.75,17.34697151184082
44.0,-67.5,17.50604248046875
44.0,-67.25,17.775646209716797
44.0,-67.0,17.848852157592773
43.75,-125.0,17.67475700378418
43.75,-124.75,18.78852653503418
43.75,-124.5,18.203561782836914
43.75,-124.25,17.319656372070312
43.75,-79.0,15.901552200317383
43.75,-78.75,17.908830642700195
43.75,-78.5,18.668018341064453
43.75,-78.25,19.51249885559082
43.75,-78.0,19.338603973388672
43.75,-77.75,18.41073226928711
43.75,-77.5,18.863492965698242
43.75,-77.25,20.31922721862793
43.75,-77.0,19.763748168945312
43.75,-76.75,18.802879333496094
43.75,-76.5,18.092144012451172
43.75,-69.5,15.74630355834961
43.75,-69.25,16.63389015197754
43.75,-69.0,17.69423484802246
43.75,-68.75,17.786235809326172
43.75,-68.5,17.23853302001953
43.75,-68.25,17.441471099853516
43.75,-68.0,17.63593101501465
43.75,-67.75,17.50857925415039
43.75,-67.5,17.684301376342773
43.75,-67.25,17.669857025146484
43.75,-67.0,17.603296279907227
43.5,-125.0,17.96322250366211
43.5,-124.75,17.304271697998047
43.5,-124.5,18.51622772216797
43.5,-79.25,15.243148803710938
43.5,-79.0,16.827180862426758
43.5,-78.75,17.96613883972168
43.5,-78.5,19.193693161010742
43.5,-78.25,20.18354034423828
43.5,-78.0,20.58012580871582
43.5,-77.75,20.12497901916504
43.5,-77.5,20.40496826171875
43.5,-77.25,21.10795783996582
43.5,-77.0,20.644088745117188
43.5,-76.75,21.760251998901367
43.5,-76.5,15.48359203338623
43.5,-70.0,16.55034828186035
43.5,-69.75,17.10085678100586
43.5,-69.5,17.94767951965332
43.5,-69.25,18.290616989135742
43.5,-69.0,17.036514282226562
43.5,-68.75,16.63345718383789
43.5,-68.5,17.244667053222656
43.5,-68.25,17.33993148803711
43.5,-68.0,17.229473114013672
43.5,-67.75,18.094499588012695
43.5,-67.5,18.649635314941406
43.5,-67.25,18.371322631835938
43.5,-67.0,18.03150177001953
43.25,-125.0,17.38849639892578
43.25,-124.75,17.572235107421875
43.25,-124.5,16.67013168334961
43.25,-119.0,15.348716735839844
43.25,-118.75,16.55365562438965
43.25,-70.25,15.737337112426758
43.25,-70.0,16.55434799194336
43.25,-69.75,17.239952087402344
43.25,-69.5,16.99335479736328
43.25,-69.25,16.24669075012207
43.25,-69.0,16.261322021484375
43.25,-68.75,16.35028648376465
43.25,-68.5,16.931360244750977
43.25,-68.25,17.267057418823242
43.25,-68.0,17.41274642944336
43.25,-67.75,17.646677017211914
43.25,-67.5,17.86756706237793
43.25,-67.25,18.39909553527832
43.25,-67.0,18.756807327270508
43.0,-125.0,17.33980369567871
43.0,-124.75,17.941740036010742
43.0,-119.25,15.040742874145508
43.0,-119.0,15.780278205871582
43.0,-117.5,16.43756866455078
43.0,-70.25,16.029525756835938
43.0,-70.0,15.955496788024902
43.0,-69.75,15.703593254089355
43.0,-69.5,15.795780181884766
43.0,-69.25,15.378679275512695
43.0,-69.0,15.583571434020996
43.0,-68.75,16.42694854736328
43.0,-68.5,17.425743103027344
43.0,-68.25,18.090599060058594
43.0,-68.0,17.521202087402344
43.0,-67.75,17.58496856689453
43.0,-67.5,18.023296356201172
43.0,-67.25,18.164411544799805
43.0,-67.0,18.273771286010742
42.75,-125.0,16.618732452392578
42.75,-124.75,18.059547424316406
42.75,-119.25,15.301966667175293
42.75,-79.5,15.1807279586792
42.75,-79.25,16.385799407958984
42.75,-70.0,15.26683235168457
42.75,-69.75,16.140626907348633
42.75,-69.5,16.28599739074707
42.75,-69.25,16.015111923217773
42.75,-69.0,16.49070930480957
42.75,-68.75,17.37644386291504
42.75,-68.5,17.93171501159668
42.75,-68.25,17.3878116607666
42.75,-68.0,17.287797927856445
42.75,-67.75,17.894868850708008
42.75,-67.5,18.056236267089844
42.75,-67.25,17.72621726989746
42.75,-67.0,18.782772064208984
42.5,-125.0,16.568130493164062
42.5,-124.75,16.184490203857422
42.5,-124.5,15.892011642456055
42.5,-79.75,15.068155288696289
42.5,-70.25,15.544251441955566
42.5,-70.0,15.668233871459961
42.5,-69.75,16.249916076660156
42.5,-69.5,16.13397216796875
42.5,-69.25,17.184494018554688
42.5,-69.0,17.77713394165039
42.5,-68.75,17.385099411010742
42.5,-68.5,16.674287796020508
42.5,-68.25,17.5506591796875
42.5,-68.0,18.339977264404297
42.5,-67.75,17.94108772277832
42.5,-67.5,17.35472297668457
42.5,-67.25,17.44550132751465
42.5,-67.0,17.42771339416504
42.25,-125.0,16.280136108398438
42.25,-124.75,15.428881645202637
42.25,-105.25,15.112306594848633
42.25,-70.5,15.06431770324707
42.25,-70.0,15.289669036865234
42.25,-69.75,16.17945098876953
42.25,-69.5,16.588960647583008
42.25,-69.25,17.44165802001953
42.25,-69.0,17.39783477783203
42.25,-68.75,16.90856170654297
42.25,-68.5,17.839866638183594
42.25,-68.25,18.380666732788086
42.25,-68.0,17.599258422851562
42.25,-67.75,16.64759635925293
42.25,-67.5,16.880155563354492
42.25,-67.25,16.981273651123047
42.25,-67.0,17.451297760009766
42.0,-125.0,15.28407096862793
42.0,-124.75,15.259148597717285
42.0,-124.5,16.146615982055664
42.0,-70.25,15.355327606201172
42.0,-70.0,16.784244537353516
42.0,-69.75,16.64638900756836
42.0,-69.5,18.100200653076172
42.0,-69.25,16.817386627197266
42.0,-69.0,16.663476943969727
42.0,-68.75,17.939016342163086
42.0,-68.5,18.146133422851562
42.0,-68.25,17.699905395507812
42.0,-68.0,17.005163192749023
42.0,-67.75,16.685415267944336
42.0,-67.5,17.323806762695312
42.0,-67.25,17.735252380371094
42.0,-67.0,19.59885597229004
41.75,-125.0,15.12241268157959
41.75,-124.5,15.31099796295166
41.75,-124.25,16.217002868652344
41.75,-70.0,15.342613220214844
41.75,-69.75,17.791698455810547
41.75,-69.5,16.0946044921875
41.75,-69.25,15.856706619262695
41.75,-69.0,17.60512924194336
41.75,-68.75,17.848756790161133
41.75,-68.5,18.131460189819336
41.75,-68.25,17.756195068359375
41.75,-68.0,17.290264129638672
41.75,-67.75,17.296253204345703
41.75,-67.5,17.05588722229004
41.75,-67.25,18.8613338470459
41.75,-67.0,18.671417236328125
41.5,-125.0,15.087873458862305
41.5,-124.5,15.753849029541016
41.5,-124.25,16.330026626586914
41.5,-70.25,15.183379173278809
41.5,-70.0,16.336637496948242
41.5,-69.75,16.021270751953125
41.5,-69.5,17.293710708618164
41.5,-69.25,16.606660842895508
41.5,-69.0,16.761144638061523
41.5,-68.75,16.269811630249023
41.5,-68.5,16.647811889648438
41.5,-68.25,16.933088302612305
41.5,-68.0,17.220050811767578
41.5,-67.75,17.340900421142578
41.5,-67.5,18.0753231048584
41.5,-67.25,19.452951431274414
41.5,-67.0,19.036691665649414
41.25,-125.0,16.737815856933594
41.25,-124.75,16.86326026916504
41.25,-124.5,17.222869873046875
41.25,-124.25,17.610641479492188
41.25,-71.0,15.47301197052002
41.25,-70.5,15.017977714538574
41.25,-70.25,16.152517318725586
41.25,-70.0,19.556669235229492
41.25,-69.75,17.64080810546875
41.25,-69.5,15.989818572998047
41.25,-69.25,17.1037654876709
41.25,-69.0,16.72792625427246
41.25,-68.75,17.059316635131836
41.25,-68.5,17.72563362121582
41.25,-68.25,16.990447998046875
41.25,-68.0,16.318008422851562
41.25,-67.75,16.691944122314453
41.25,-67.5,19.943435668945312
41.25,-67.25,19.70208740234375
41.25,-67.0,19.755817413330078
41.0,-125.0,20.819698333740234
41.0,-124.75,16.735204696655273
41.0,-124.5,16.112321853637695
41.0,-124.25,16.055238723754883
41.0,-71.5,15.33846378326416
41.0,-71.25,15.263531684875488
41.0,-71.0,15.073125839233398
41.0,-70.75,15.239184379577637
41.0,-70.5,16.587862014770508
41.0,-70.25,18.324604034423828
41.0,-70.0,18.60792350769043
41.0,-69.75,16.51030921936035
41.0,-69.5,16.82379722595215
41.0,-69.25,16.262954711914062
41.0,-69.0,15.955068588256836
41.0,-68.75,17.49928092956543
41.0,-68.5,17.085914611816406
41.0,-68.25,17.96568489074707
41.0,-68.0,16.980863571166992
41.0,-67.75,22.465208053588867
41.0,-67.5,21.939943313598633
41.0,-67.25,20.93813705444336
41.0,-67.0,19.619718551635742
40.75,-125.0,19.172260284423828
40.75,-124.75,15.934344291687012
40.75,-124.5,17.439729690551758
40.75,-113.25,16.30589485168457
40.75,-72.25,15.839463233947754
40.75,-71.0,15.882807731628418
40.75,-70.75,15.396868705749512
40.75,-70.5,15.173582077026367
40.75,-70.25,16.149595260620117
40.75,-70.0,16.396255493164062
40.75,-69.75,17.658740997314453
40.75,-69.5,17.516984939575195
40.75,-69.25,16.450117111206055
40.75,-69.0,17.49455451965332
40.75,-68.75,16.865903854370117
40.75,-68.5,16.647754669189453
40.75,-68.25,19.97813606262207
40.75,-68.0,22.031402587890625
40.75,-67.75,19.249975204467773
40.75,-67.5,18.2232723236084
40.75,-67.25,17.899553298950195
40.75,-67.0,18.533470153808594
40.5,-125.0,16.312461853027344
40.5,-124.75,17.84798812866211
40.5,-124.5,15.305256843566895
40.5,-113.5,16.197856903076172
40.5,-113.25,16.13186264038086
40.5,-73.75,15.938583374023438
40.5,-73.5,15.965768814086914
40.5,-73.25,15.675315856933594
40.5,-73.0,15.14859676361084
40.5,-72.75,16.954084396362305
40.5,-72.5,17.096744537353516
40.5,-72.25,16.433700561523438
40.5,-72.0,15.329294204711914
40.5,-71.5,15.166488647460938
40.5,-71.25,16.571231842041016
40.5,-71.0,16.167652130126953
40.5,-70.75,16.819862365722656
40.5,-70.5,17.298559188842773
40.5,-70.25,17.457719802856445
40.5,-70.0,18.22785186767578
40.5,-69.75,18.057920455932617
40.5,-69.5,17.74308204650879
40.5,-69.25,17.212291717529297
40.5,-69.0,16.497522354125977
40.5,-68.75,16.67829132080078
40.5,-68.5,17.448949813842773
40.5,-68.25,17.85700798034668
40.5,-68.0,18.236848831176758
40.5,-67.75,16.930835723876953
40.5,-67.5,16.90984344482422
40.5,-67.25,18.042724609375
40.5,-67.0,18.242774963378906
40.25,-125.0,15.791545867919922
40.25,-113.5,17.355541229248047
40.25,-73.5,16.5622615814209
40.25,-73.25,16.358478546142578
40.25,-73.0,16.63644790649414
40.25,-72.75,15.525466918945312
40.25,-72.5,15.408919334411621
40.25,-72.25,15.396327018737793
40.25,-72.0,15.776346206665039
40.25,-71.75,15.702940940856934
40.25,-71.5,16.678855895996094
40.25,-71.25,17.886152267456055
40.25,-71.0,16.837373733520508
40.25,-70.75,16.43117332458496
40.25,-70.5,17.425090789794922
40.25,-70.25,17.80376625061035
40.25,-70.0,17.97964096069336
40.25,-69.75,17.90395164489746
40.25,-69.5,16.826292037963867
40.25,-69.25,17.286531448364258
40.25,-69.0,16.331283569335938
40.25,-68.75,18.177854537963867
40.25,-68.5,20.46286392211914
40.25,-68.25,19.202716827392578
40.25,-68.0,17.71714973449707
40.25,-67.75,18.78485107421875
40.25,-67.5,18.20510482788086
40.25,-67.25,18.119464874267578
40.25,-67.0,17.940113067626953
40.0,-125.0,15.6210355758667
40.0,-124.5,16.8710994720459
40.0,-124.25,16.12662696838379
40.0,-113.5,15.931633949279785
40.0,-73.75,15.493457794189453
40.0,-73.5,16.36869239807129
40.0,-73.25,15.66793441772461
40.0,-72.5,16.076885223388672
40.0,-72.25,15.294650077819824
40.0,-72.0,16.023502349853516
40.0,-71.75,17.256053924560547
40.0,-71.5,18.38327980041504
40.0,-71.25,18.72264289855957
40.0,-71.0,16.96245002746582
40.0,-70.75,16.77183723449707
40.0,-70.5,16.71498680114746
40.0,-70.25,17.311086654663086
40.0,-70.0,16.715839385986328
40.0,-69.75,16.0783634185791
40.0,-69.5,15.49275016784668
40.0,-69.25,15.628388404846191
40.0,-69.0,17.157377243041992
40.0,-68.75,19.93523406982422
40.0,-68.5,20.10927391052246
40.0,-68.25,20.217199325561523
40.0,-68.0,19.475862503051758
40.0,-67.75,18.381376266479492
40.0,-67.5,18.35679817199707
40.0,-67.25,17.75881004333496
40.0,-67.0,17.96297264099121
39.75,-125.0,15.382057189941406
39.75,-124.75,15.268877983093262
39.75,-124.25,15.084493637084961
39.75,-109.75,16.099491119384766
39.75,-109.25,15.021049499511719
39.75,-74.0,15.210775375366211
39.75,-73.75,17.828603744506836
39.75,-73.5,16.703510284423828
39.75,-73.25,16.989320755004883
39.75,-73.0,15.865374565124512
39.75,-72.75,15.086533546447754
39.75,-72.25,15.942588806152344
39.75,-72.0,17.55328941345215
39.75,-71.75,17.358795166015625
39.75,-71.5,16.62896156311035
39.75,-71.25,17.00650978088379
39.75,-71.0,16.695295333862305
39.75,-70.75,15.549778938293457
39.75,-70.5,16.491230010986328
39.75,-70.25,16.0632266998291
39.75,-70.0,15.207858085632324
39.75,-69.75,15.495906829833984
39.75,-69.5,15.284651756286621
39.75,-69.25,17.69995880126953
39.75,-69.0,20.385929107666016
39.75,-68.75,18.662973403930664
39.75,-68.5,19.238407135009766
39.75,-68.25,18.72296142578125
39.75,-68.0,18.07369041442871
39.75,-67.75,18.081546783447266
39.75,-67.5,17.994823455810547
39.75,-67.25,18.15326690673828
39.75,-67.0,17.91689109802246
39.5,-125.0,15.647478103637695
39.5,-124.75,15.344082832336426
39.5,-124.25,15.109369277954102
39.5,-112.75,16.496017456054688
39.5,-112.5,16.57476043701172
39.5,-73.25,15.192727088928223
39.5,-73.0,16.366498947143555
39.5,-72.75,16.499496459960938
39.5,-72.5,16.416109085083008
39.5,-72.25,15.767657279968262
39.5,-72.0,15.7178955078125
39.5,-71.75,15.666871070861816
39.5,-71.5,15.898253440856934
39.5,-71.25,16.897090911865234
39.5,-71.0,15.963730812072754
39.5,-70.75,16.16732406616211
39.5,-70.5,16.42851448059082
39.5,-70.25,15.144381523132324
39.5,-70.0,15.764620780944824
39.5,-69.75,17.135866165161133
39.5,-69.5,19.046348571777344
39.5,-69.25,18.89470672607422
39.5,-69.0,18.42648696899414
39.5,-68.75,18.605688095092773
39.5,-68.5,18.806379318237305
39.5,-68.25,18.118440628051758
39.5,-68.0,17.894163131713867
39.5,-67.75,17.842689514160156
39.5,-67.5,17.395971298217773
39.5,-67.25,17.715364456176758
39.5,-67.0,17.67877769470215
39.25,-125.0,15.545148849487305
39.25,-124.75,15.015978813171387
39.25,-113.0,16.01491355895996
39.25,-112.75,16.292884826660156
39.25,-112.5,17.19185447692871
39.25,-74.25,15.50662612915039
39.25,-74.0,15.700039863586426
39.25,-73.75,16.5728816986084
39.25,-72.5,15.833182334899902
39.25,-72.25,16.10206413269043
39.25,-72.0,16.46744155883789
39.25,-71.75,16.2349796295166
39.25,-71.5,16.87877655029297
39.25,-71.25,19.205110549926758
39.25,-71.0,19.460275650024414
39.25,-70.75,19.427810668945312
39.25,-70.5,16.77387046813965
39.25,-70.25,16.722288131713867
39.25,-70.0,15.557984352111816
39.25,-69.75,15.655251502990723
39.25,-69.5,17.16283416748047
39.25,-69.25,18.77817153930664
39.25,-69.0,18.533870697021484
39.25,-68.75,17.9218692779541
39.25,-68.5,17.753175735473633
39.25,-68.25,17.44928741455078
39.25,-68.0,17.552186965942383
39.25,-67.75,17.31904411315918
39.25,-67.5,17.414060592651367
39.25,-67.25,17.595548629760742
39.25,-67.0,17.32595443725586
39.0,-125.0,15.410374641418457
39.0,-124.75,15.499136924743652
39.0,-124.5,15.373055458068848
39.0,-124.25,15.61905288696289
39.0,-112.75,17.439979553222656
39.0,-112.5,16.020002365112305
39.0,-73.5,15.923686981201172
39.0,-73.0,15.430459022521973
39.0,-72.75,15.633891105651855
39.0,-72.5,15.735007286071777
39.0,-72.25,16.132434844970703
39.0,-72.0,17.506332397460938
39.0,-71.75,16.80622673034668
39.0,-71.5,19.40877342224121
39.0,-71.25,23.225826263427734
39.0,-71.0,21.40272331237793
39.0,-70.75,20.806520462036133
39.0,-70.5,17.193735122680664
39.0,-70.25,17.905384063720703
39.0,-70.0,19.686838150024414
39.0,-69.75,19.70229721069336
39.0,-69.5,19.295352935791016
39.0,-69.25,19.697154998779297
39.0,-69.0,19.33805274963379
39.0,-68.75,18.885604858398438
39.0,-68.5,18.245450973510742
39.0,-68.25,17.76805305480957
39.0,-68.0,17.107500076293945
39.0,-67.75,17.26913070678711
39.0,-67.5,17.380002975463867
39.0,-67.25,17.135311126708984
39.0,-67.0,16.43178939819336
38.75,-125.0,15.517193794250488
38.75,-124.75,15.760991096496582
38.75,-113.0,16.42482566833496
38.75,-112.75,17.46787452697754
38.75,-74.75,15.307894706726074
38.75,-73.0,15.534398078918457
38.75,-72.75,16.49112319946289
38.75,-72.5,16.61454200744629
38.75,-72.25,16.819046020507812
38.75,-72.0,17.164234161376953
38.75,-71.75,19.70557975769043
38.75,-71.5,21.845333099365234
38.75,-71.25,21.419910430908203
38.75,-71.0,21.091236114501953
38.75,-70.75,19.246353149414062
38.75,-70.5,19.51199722290039
38.75,-70.25,19.128015518188477
38.75,-70.0,18.914194107055664
38.75,-69.75,18.34233283996582
38.75,-69.5,18.231834411621094
38.75,-69.25,17.855731964111328
38.75,-69.0,18.39266014099121
38.75,-68.75,18.138925552368164
38.75,-68.5,17.86281394958496
38.75,-68.25,17.787973403930664
38.75,-68.0,16.531455993652344
38.75,-67.75,16.63216781616211
38.75,-67.5,17.18366241455078
38.75,-67.25,16.66037940979004
38.75,-67.0,16.306671142578125
38.5,-124.75,15.279496192932129
38.5,-113.0,15.499759674072266
38.5,-103.5,15.075819969177246
38.5,-74.5,15.037853240966797
38.5,-74.25,16.439109802246094
38.5,-74.0,17.30112648010254
38.5,-73.75,15.655672073364258
38.5,-73.0,16.483842849731445
38.5,-72.75,17.157115936279297
38.5,-72.5,16.90903663635254
38.5,-72.25,16.174335479736328
38.5,-72.0,17.59688377380371
38.5,-71.75,19.275663375854492
38.5,-71.5,19.676502227783203
38.5,-71.25,20.2032527923584
38.5,-71.0,18.748779296875
38.5,-70.75,18.482820510864258
38.5,-70.5,19.00657844543457
38.5,-70.25,19.251935958862305
38.5,-70.0,19.522354125976562
38.5,-69.75,19.343570709228516
38.5,-69.5,17.858043670654297
38.5,-69.25,18.9116153717041
38.5,-69.0,18.593721389770508
38.5,-68.75,18.54888343811035
38.5,-68.5,18.115703582763672
38.5,-68.25,17.145750045776367
38.5,-68.0,17.0705623626709
38.5,-67.75,16.90296745300293
38.5,-67.5,16.815509796142578
38.5,-67.25,16.603404998779297
38.5,-67.0,16.107736587524414
38.25,-125.0,15.369547843933105
38.25,-111.0,15.60391902923584
38.25,-103.75,16.251190185546875
38.25,-103.5,17.761680603027344
38.25,-103.25,16.885848999023438
38.25,-103.0,16.08511734008789
38.25,-73.5,15.974126815795898
38.25,-73.25,17.267257690429688
38.25,-73.0,17.73084831237793
38.25,-72.75,17.990816116333008
38.25,-72.5,18.418495178222656
38.25,-72.25,19.405853271484375
38.25,-72.0,19.734554290771484
38.25,-71.75,19.606203079223633
38.25,-71.5,20.741474151611328
38.25,-71.25,18.9261417388916
38.25,-71.0,20.296831130981445
38.25,-70.75,21.364500045776367
38.25,-70.5,20.740095138549805
38.25,-70.25,20.859228134155273
38.25,-70.0,19.749860763549805
38.25,-69.75,20.272584915161133
38.25,-69.5,20.24676513671875
38.25,-69.25,20.007375717163086
38.25,-69.0,19.505922317504883
38.25,-68.75,19.212955474853516
38.25,-68.5,19.142288208007812
38.25,-68.25,17.756916046142578
38.25,-68.0,17.709651947021484
38.25,-67.75,17.39214324951172
38.25,-67.5,16.934362411499023
38.25,-67.25,16.701953887939453
38.25,-67.0,16.51185417175293
38.0,-125.0,15.040027618408203
38.0,-124.75,15.08315372467041
38.0,-109.0,17.197017669677734
38.0,-104.5,17.683332443237305
38.0,-104.25,17.800073623657227
38.0,-104.0,17.079246520996094
38.0,-103.75,16.546634674072266
38.0,-103.5,17.001882553100586
38.0,-103.25,15.276333808898926
38.0,-73.75,16.478525161743164
38.0,-73.5,17.91814422607422
38.0,-73.25,18.19392967224121
38.0,-73.0,18.259565353393555
38.0,-72.75,17.87908363342285
38.0,-72.5,20.247812271118164
38.0,-72.25,20.613086700439453
38.0,-72.0,21.133663177490234
38.0,-71.75,20.767839431762695
38.0,-71.5,20.572385787963867
38.0,-71.25,21.70840072631836
38.0,-71.0,21.35008430480957
38.0,-70.75,20.081506729125977
38.0,-70.5,19.726144790649414
38.0,-70.25,19.608549118041992
38.0,-70.0,20.80207061767578
38.0,-69.75,21.077625274658203
38.0,-69.5,21.078510284423828
38.0,-69.25,20.896047592163086
38.0,-69.0,20.372652053833008
38.0,-68.75,20.539627075195312
38.0,-68.5,20.333091735839844
38.0,-68.25,19.68123435974121
38.0,-68.0,19.62078857421875
38.0,-67.75,18.061738967895508
38.0,-67.5,18.540937423706055
38.0,-67.25,18.092817306518555
38.0,-67.0,18.10199737548828
37.75,-123.0,15.098496437072754
37.75,-104.75,16.14268684387207
37.75,-104.5,15.504733085632324
37.75,-104.25,16.327404022216797
37.75,-104.0,16.576622009277344
37.75,-103.75,16.513885498046875
37.75,-74.0,15.982562065124512
37.75,-73.75,16.716020584106445
37.75,-73.5,18.076995849609375
37.75,-73.25,17.61076545715332
37.75,-73.0,18.745851516723633
37.75,-72.75,20.298120498657227
37.75,-72.5,21.89204216003418
37.75,-72.25,21.71222496032715
37.75,-72.0,21.105823516845703
37.75,-71.75,21.81833267211914
37.75,-71.5,21.159698486328125
37.75,-71.25,20.837059020996094
37.75,-71.0,20.54306411743164
37.75,-70.75,18.934574127197266
37.75,-70.5,19.755958557128906
37.75,-70.25,19.001834869384766
37.75,-70.0,20.663063049316406
37.75,-69.75,21.576589584350586
37.75,-69.5,20.799015045166016
37.75,-69.25,20.512088775634766
37.75,-69.0,20.4700927734375
37.75,-68.75,20.330341339111328
37.75,-68.5,19.684301376342773
37.75,-68.25,19.114524841308594
37.75,-68.0,19.373910903930664
37.75,-67.75,18.13627815246582
37.75,-67.5,18.017305374145508
37.75,-67.25,17.537961959838867
37.75,-67.0,18.25192642211914
37.5,-105.25,15.404266357421875
37.5,-104.25,15.515127182006836
37.5,-75.0,15.341106414794922
37.5,-74.75,15.160760879516602
37.5,-74.25,15.502457618713379
37.5,-74.0,16.282079696655273
37.5,-73.75,16.68625259399414
37.5,-73.5,17.907278060913086
37.5,-73.25,18.91318130493164
37.5,-73.0,20.325349807739258
37.5,-72.75,20.028980255126953
37.5,-72.5,21.37933349609375
37.5,-72.25,20.70736312866211
37.5,-72.0,20.21036720275879
37.5,-71.75,19.699108123779297
37.5,-71.5,20.805891036987305
37.5,-71.25,18.907541275024414
37.5,-71.0,17.260732650756836
37.5,-70.75,18.035062789916992
37.5,-70.5,18.440677642822266
37.5,-70.25,18.570201873779297
37.5,-70.0,20.808656692504883
37.5,-69.75,19.61863136291504
37.5,-69.5,20.491910934448242
37.5,-69.25,20.085777282714844
37.5,-69.0,19.821916580200195
37.5,-68.75,19.0178165435791
37.5,-68.5,18.81825065612793
37.5,-68.25,18.834911346435547
37.5,-68.0,18.558095932006836
37.5,-67.75,16.855098724365234
37.5,-67.5,17.46009063720703
37.5,-67.25,18.24382972717285
37.5,-67.0,17.028968811035156
37.25,-74.75,15.090325355529785
37.25,-74.5,15.094615936279297
37.25,-74.25,15.586007118225098
37.25,-74.0,16.588088989257812
37.25,-73.75,17.215757369995117
37.25,-73.5,17.865381240844727
37.25,-73.25,18.70131492614746
37.25,-73.0,19.70914649963379
37.25,-72.75,20.431623458862305
37.25,-72.5,20.480627059936523
37.25,-72.25,21.00084686279297
37.25,-72.0,20.75279426574707
37.25,-71.75,20.530736923217773
37.25,-71.5,19.14380645751953
37.25,-71.25,19.48518943786621
37.25,-71.0,17.863868713378906
37.25,-70.75,17.80526351928711
37.25,-70.5,17.661113739013672
37.25,-70.25,18.133703231811523
37.25,-70.0,17.912736892700195
37.25,-69.75,18.30345344543457
37.25,-69.5,19.09296989440918
37.25,-69.25,19.260860443115234
37.25,-69.0,19.07941436767578
37.25,-68.75,18.257827758789062
37.25,-68.5,18.066484451293945
37.25,-68.25,18.114410400390625
37.25,-68.0,17.677350997924805
37.25,-67.75,17.44265365600586
37.25,-67.5,18.73686981201172
37.25,-67.25,17.05491828918457
37.25,-67.0,17.973188400268555
37.0,-122.75,15.05899715423584
37.0,-74.75,15.283926963806152
37.0,-74.5,16.196470260620117
37.0,-74.25,16.10844612121582
37.0,-74.0,15.956965446472168
37.0,-73.75,17.23429298400879
37.0,-73.5,18.097553253173828
37.0,-73.25,19.15687370300293
37.0,-73.0,19.275903701782227
37.0,-72.75,19.778602600097656
37.0,-72.5,21.157691955566406
37.0,-72.25,20.42531394958496
37.0,-72.0,20.297945022583008
37.0,-71.75,18.751005172729492
37.0,-71.5,17.743104934692383
37.0,-71.25,17.632938385009766
37.0,-71.0,18.454212188720703
37.0,-70.75,18.63505744934082
37.0,-70.5,18.15975570678711
37.0,-70.25,17.70983123779297
37.0,-70.0,18.047117233276367
37.0,-69.75,18.04625701904297
37.0,-69.5,17.96338653564453
37.0,-69.25,18.157127380371094
37.0,-69.0,17.101896286010742
37.0,-68.75,15.585736274719238
37.0,-68.5,16.871044158935547
37.0,-68.25,16.991262435913086
37.0,-68.0,16.762252807617188
37.0,-67.75,17.523326873779297
37.0,-67.5,16.678512573242188
37.0,-67.25,17.620403289794922
37.0,-67.0,16.30096435546875
36.75,-111.0,15.418163299560547
36.75,-75.0,15.930033683776855
36.75,-74.75,16.7674560546875
36.75,-74.5,16.540250778198242
36.75,-74.25,15.7416353225708
36.75,-74.0,17.63944435119629
36.75,-73.75,18.729598999023438
36.75,-73.5,19.606517791748047
36.75,-73.25,19.856830596923828
36.75,-73.0,19.737878799438477
36.75,-72.75,19.189571380615234
36.75,-72.5,21.243240356445312
36.75,-72.25,20.74937629699707
36.75,-72.0,18.73277473449707
36.75,-71.75,17.7474308013916
36.75,-71.5,17.93906593322754
36.75,-71.25,17.79443359375
36.75,-71.0,17.69902801513672
36.75,-70.75,17.37164878845215
36.75,-70.5,17.663331985473633
36.75,-70.25,18.121782302856445
36.75,-70.0,18.810428619384766
36.75,-69.75,19.022207260131836
36.75,-69.5,18.3034610748291
36.75,-69.25,17.647085189819336
36.75,-69.0,16.805583953857422
36.75,-68.75,15.674630165100098
36.75,-68.25,16.350488662719727
36.75,-68.0,16.180593490600586
36.75,-67.75,17.27652359008789
36.75,-67.5,17.310449600219727
36.75,-67.25,15.871459007263184
36.75,-67.0,16.65174674987793
36.5,-114.75,15.605386734008789
36.5,-111.25,16.178659439086914
36.5,-111.0,15.267526626586914
36.5,-109.5,15.359331130981445
36.5,-75.25,15.66463565826416
36.5,-75.0,16.30634880065918
36.5,-74.75,16.114343643188477
36.5,-74.5,15.746333122253418
36.5,-74.25,15.92537784576416
36.5,-74.0,17.625314712524414
36.5,-73.75,18.4808292388916
36.5,-73.5,19.278432846069336
36.5,-73.25,19.28200912475586
36.5,-73.0,18.840978622436523
36.5,-72.75,21.66816520690918
36.5,-72.5,22.364233016967773
36.5,-72.25,19.58795928955078
36.5,-72.0,17.217655181884766
36.5,-71.75,17.321027755737305
36.5,-71.5,16.984424591064453
36.5,-71.25,16.94289207458496
36.5,-71.0,16.284198760986328
36.5,-70.75,17.208078384399414
36.5,-70.5,16.72994613647461
36.5,-70.25,19.144996643066406
36.5,-70.0,18.51630401611328
36.5,-69.75,18.738319396972656
36.5,-69.5,17.279172897338867
36.5,-69.25,16.593887329101562
36.5,-69.0,15.985953330993652
36.5,-68.5,16.053470611572266
36.5,-68.0,17.09866714477539
36.5,-67.75,15.792243003845215
36.5,-67.5,15.544057846069336
36.5,-67.25,16.747814178466797
36.5,-67.0,16.465576171875
36.25,-111.5,16.478351593017578
36.25,-111.25,15.946067810058594
36.25,-111.0,15.208683013916016
36.25,-109.5,15.734123229980469
36.25,-75.25,15.42893123626709
36.25,-75.0,15.674062728881836
36.25,-74.75,15.200209617614746
36.25,-74.5,15.190680503845215
36.25,-74.25,16.512224197387695
36.25,-74.0,17.570068359375
36.25,-73.75,18.560104370117188
36.25,-73.5,18.9907283782959
36.25,-73.25,20.59198570251465
36.25,-73.0,22.731752395629883
36.25,-72.75,21.927579879760742
36.25,-72.5,19.247098922729492
36.25,-72.25,16.95180892944336
36.25,-72.0,18.86870574951172
36.25,-71.75,19.788862228393555
36.25,-71.5,16.719919204711914
36.25,-71.25,16.928754806518555
36.25,-71.0,16.032617568969727
36.25,-70.75,16.37922477722168
36.25,-70.5,16.795377731323242
36.25,-70.25,17.811885833740234
36.25,-70.0,17.14818572998047
36.25,-69.75,17.400049209594727
36.25,-69.5,17.005247116088867
36.25,-69.25,16.66169548034668
36.25,-68.75,15.686955451965332
36.25,-68.5,15.06363582611084
36.25,-68.25,15.076553344726562
36.25,-68.0,15.555290222167969
36.25,-67.5,15.677176475524902
36.25,-67.25,15.129166603088379
36.25,-67.0,15.929141998291016
36.0,-112.75,16.78740882873535
36.0,-112.5,15.6474609375
36.0,-111.5,15.006861686706543
36.0,-108.25,16.073801040649414
36.0,-108.0,15.694320678710938
36.0,-107.75,15.100341796875
36.0,-75.5,15.40103816986084
36.0,-75.25,15.604192733764648
36.0,-75.0,15.135984420776367
36.0,-74.5,16.84061622619629
36.0,-74.25,16.8062801361084
36.0,-74.0,17.595623016357422
36.0,-73.75,17.884485244750977
36.0,-73.5,19.843372344970703
36.0,-73.25,21.956632614135742
36.0,-73.0,20.299240112304688
36.0,-72.75,19.119096755981445
36.0,-72.5,16.954423904418945
36.0,-72.25,16.808671951293945
36.0,-72.0,16.488914489746094
36.0,-71.75,16.55811309814453
36.0,-71.5,16.515474319458008
36.0,-71.25,16.02132225036621
36.0,-71.0,15.683938980102539
36.0,-70.75,15.436429977416992
36.0,-70.5,15.7889986038208
36.0,-70.25,15.918365478515625
36.0,-70.0,15.885293960571289
36.0,-69.75,16.447391510009766
36.0,-69.5,16.459909439086914
36.0,-69.25,15.878213882446289
36.0,-69.0,15.300073623657227
36.0,-68.75,15.415390968322754
36.0,-68.5,15.71650505065918
36.0,-68.25,15.389260292053223
36.0,-67.75,15.651541709899902
36.0,-67.25,15.675501823425293
36.0,-67.0,15.697822570800781
35.75,-112.5,15.876086235046387
35.75,-112.25,15.758895874023438
35.75,-112.0,16.3185977935791
35.75,-111.75,16.439502716064453
35.75,-111.5,17.33244514465332
35.75,-108.25,16.61195945739746
35.75,-108.0,15.911465644836426
35.75,-107.75,16.289718627929688
35.75,-75.5,15.733745574951172
35.75,-75.25,15.447175025939941
35.75,-74.5,17.300012588500977
35.75,-74.25,16.920427322387695
35.75,-74.0,17.10797882080078
35.75,-73.75,20.29511070251465
35.75,-73.5,20.787521362304688
35.75,-73.25,18.870208740234375
35.75,-73.0,18.1173095703125
35.75,-72.75,16.329944610595703
35.75,-72.5,16.208667755126953
35.75,-72.25,16.09218978881836
35.75,-72.0,16.04070472717285
35.75,-71.75,15.889429092407227
35.75,-71.5,16.1278133392334
35.75,-71.25,16.50299644470215
35.75,-71.0,15.277007102966309
35.75,-70.75,16.443323135375977
35.75,-70.5,15.329416275024414
35.75,-70.25,15.32955265045166
35.75,-70.0,15.79229736328125
35.75,-69.75,15.193597793579102
35.75,-69.25,16.054574966430664
35.75,-69.0,16.18943214416504
35.75,-68.75,15.586128234863281
35.75,-68.5,15.890490531921387
35.75,-67.5,15.087235450744629
35.75,-67.25,15.779272079467773
35.75,-67.0,15.483436584472656
35.5,-112.25,16.62925148010254
35.5,-112.0,15.405656814575195
35.5,-111.25,16.824342727661133
35.5,-74.5,16.93688201904297
35.5,-74.25,16.919492721557617
35.5,-74.0,18.824413299560547
35.5,-73.75,18.7345027923584
35.5,-73.5,18.553390502929688
35.5,-73.25,16.63519287109375
35.5,-73.0,15.92503833770752
35.5,-72.75,16.221052169799805
35.5,-72.5,16.330432891845703
35.5,-72.25,16.891359329223633
35.5,-72.0,17.530942916870117
35.5,-71.75,16.78860092163086
35.5,-71.5,15.341602325439453
35.5,-71.25,16.319608688354492
35.5,-71.0,15.946554183959961
35.5,-70.75,15.520537376403809
35.5,-70.5,15.753666877746582
35.5,-70.25,15.004395484924316
35.5,-69.75,15.448012351989746
35.5,-69.25,16.504697799682617
35.5,-68.75,15.718571662902832
35.5,-67.5,15.369245529174805
35.5,-67.25,15.049019813537598
35.25,-111.25,19.66033935546875
35.25,-111.0,18.818084716796875
35.25,-110.75,16.296308517456055
35.25,-75.0,15.18601131439209
35.25,-74.75,16.674394607543945
35.25,-74.5,17.13447380065918
35.25,-74.25,18.634296417236328
35.25,-74.0,17.712278366088867
35.25,-73.75,17.600404739379883
35.25,-73.5,16.212154388427734
35.25,-73.25,15.548266410827637
35.25,-73.0,15.577436447143555
35.25,-72.75,15.952083587646484
35.25,-72.5,15.918195724487305
35.25,-72.25,15.78152084350586
35.25,-72.0,15.459518432617188
35.25,-71.75,16.57101058959961
35.25,-71.5,16.514297485351562
35.25,-71.25,16.25815773010254
35.25,-71.0,15.59875774383545
35.25,-70.75,16.05691146850586
35.25,-70.5,15.997729301452637
35.25,-69.5,16.54735565185547
35.25,-69.0,15.38129997253418
35.0,-111.25,18.584888458251953
35.0,-111.0,19.573965072631836
35.0,-110.75,18.647804260253906
35.0,-110.5,16.32941436767578
35.0,-105.25,15.022039413452148
35.0,-105.0,15.572592735290527
35.0,-75.0,16.495208740234375
35.0,-74.75,17.039592742919922
35.0,-74.5,18.764318466186523
35.0,-74.25,17.09868049621582
35.0,-74.0,16.614761352539062
35.0,-73.75,16.204313278198242
35.0,-73.5,16.017635345458984
35.0,-73.25,15.896251678466797
35.0,-73.0,15.585744857788086
35.0,-72.75,15.308877944946289
35.0,-72.5,15.86715316772461
35.0,-72.25,16.206777572631836
35.0,-72.0,15.375953674316406
35.0,-71.75,15.737273216247559
35.0,-71.5,15.730484008789062
35.0,-71.25,15.998217582702637
35.0,-71.0,15.574066162109375
35.0,-70.75,15.586762428283691
35.0,-69.75,16.736331939697266
34.75,-111.0,16.78704833984375
34.75,-110.75,18.470144271850586
34.75,-110.5,19.353212356567383
34.75,-110.25,17.669694900512695
34.75,-105.0,15.594730377197266
34.75,-75.25,18.05040740966797
34.75,-75.0,18.324182510375977
34.75,-74.75,17.168575286865234
34.75,-74.5,17.7311954498291
34.75,-74.25,17.2239990234375
34.75,-74.0,16.36054801940918
34.75,-73.75,16.329280853271484
34.75,-73.5,16.82087516784668
34.75,-73.25,16.921279907226562
34.75,-73.0,15.826286315917969
34.75,-72.75,15.737573623657227
34.75,-72.0,15.12082290649414
34.75,-71.75,15.250387191772461
34.75,-71.5,15.203222274780273
34.75,-71.25,15.180756568908691
34.75,-71.0,15.280029296875
34.75,-70.25,15.83329963684082
34.5,-110.5,16.39529800415039
34.5,-110.25,16.319419860839844
34.5,-110.0,15.3798828125
34.5,-109.75,16.995525360107422
34.5,-105.25,15.616762161254883
34.5,-105.0,15.906261444091797
34.5,-75.75,15.160468101501465
34.5,-75.5,17.87241554260254
34.5,-75.25,17.423263549804688
34.5,-75.0,16.2807559967041
34.5,-74.75,16.03508949279785
34.5,-74.5,15.297561645507812
34.5,-74.25,16.185440063476562
34.5,-74.0,15.171664237976074
34.5,-73.75,15.176445960998535
34.5,-73.5,15.5610990524292
34.5,-73.25,17.168092727661133
34.5,-73.0,15.256178855895996
34.5,-72.5,15.286105155944824
34.5,-72.0,16.032814025878906
34.5,-71.25,15.545583724975586
34.5,-70.5,17.522144317626953
34.25,-109.75,15.830089569091797
34.25,-109.5,19.517257690429688
34.25,-105.25,16.08747100830078
34.25,-105.0,15.65082836151123
34.25,-76.0,15.596789360046387
34.25,-75.75,16.420307159423828
34.25,-75.5,16.27554702758789
34.25,-75.25,16.450918197631836
34.25,-75.0,16.1989688873291
34.25,-74.75,15.9379243850708
34.25,-74.5,16.85616683959961
34.25,-74.25,15.81649112701416
34.25,-74.0,15.453447341918945
34.25,-73.75,15.051069259643555
34.25,-73.5,15.003116607666016
34.25,-73.25,15.550209999084473
34.25,-73.0,16.548734664916992
34.25,-72.75,15.140439987182617
34.25,-72.25,15.217753410339355
34.25,-72.0,15.894213676452637
34.25,-71.75,15.539467811584473
34.25,-71.0,15.047760963439941
34.25,-70.75,16.819499969482422
34.0,-109.0,15.018540382385254
34.0,-105.25,15.546350479125977
34.0,-105.0,15.143144607543945
34.0,-76.25,15.028064727783203
34.0,-76.0,15.731566429138184
34.0,-75.75,15.615960121154785
34.0,-75.5,15.86760139465332
34.0,-75.25,16.19902229309082
34.0,-75.0,15.699202537536621
34.0,-74.75,16.02735137939453
34.0,-74.5,16.18348503112793
34.0,-74.25,15.815093040466309
34.0,-73.25,15.464654922485352
34.0,-72.25,16.44096565246582
34.0,-72.0,15.82126235961914
34.0,-71.75,15.200100898742676
34.0,-71.25,15.062732696533203
34.0,-71.0,17.844173431396484
33.75,-76.5,15.568427085876465
33.75,-76.25,15.748846054077148
33.75,-76.0,16.328123092651367
33.75,-75.75,16.02780532836914
33.75,-75.5,15.728154182434082
33.75,-75.25,15.930627822875977
33.75,-75.0,15.909757614135742
33.75,-74.75,15.542144775390625
33.75,-74.5,15.507516860961914
33.75,-74.25,16.189319610595703
33.75,-74.0,15.15636920928955
33.75,-73.5,15.059322357177734
33.75,-73.25,15.14533805847168
33.75,-73.0,15.150219917297363
33.75,-72.25,15.764555931091309
33.75,-72.0,15.885091781616211
33.75,-71.5,15.274191856384277
33.5,-76.75,16.049297332763672
33.5,-76.25,17.113689422607422
33.5,-76.0,16.21175765991211
33.5,-75.75,16.273351669311523
33.5,-75.5,15.931061744689941
33.5,-75.25,15.429976463317871
33.5,-74.75,15.207235336303711
33.5,-74.5,15.06558609008789
33.5,-74.25,15.278393745422363
33.5,-74.0,15.570993423461914
33.5,-73.75,15.111970901489258
33.5,-73.0,15.530529975891113
33.5,-72.5,15.368408203125
33.5,-72.25,15.060582160949707
33.5,-72.0,15.120476722717285
33.5,-71.75,16.723915100097656
33.5,-71.5,15.311595916748047
33.25,-105.25,18.060272216796875
33.25,-77.25,15.126694679260254
33.25,-76.75,15.07103157043457
33.25,-76.5,16.659334182739258
33.25,-76.25,15.244651794433594
33.25,-76.0,15.563223838806152
33.25,-75.5,15.341695785522461
33.25,-74.25,15.135980606079102
33.25,-74.0,15.687469482421875
33.25,-73.75,15.273292541503906
33.25,-73.5,15.956937789916992
33.25,-73.25,15.096732139587402
33.25,-72.25,15.112011909484863
33.25,-71.5,15.30152416229248
33.0,-105.25,16.405122756958008
33.0,-76.75,15.278705596923828
33.0,-73.75,16.264720916748047
33.0,-73.5,16.282663345336914
33.0,-73.25,15.22416877746582
33.0,-72.5,15.813884735107422
32.75,-105.0,16.916187286376953
32.75,-74.0,16.300119400024414
32.75,-73.75,15.188567161560059
32.5,-104.75,19.755762100219727
32.5,-77.25,15.032522201538086
32.5,-73.25,15.083986282348633
32.25,-104.75,17.0725040435791
32.25,-73.75,15.402507781982422
27.5,-86.5,15.421874046325684
